First Name,Middle Name,Last Name,Phonetic First Name,Phonetic Middle Name,Phonetic Last Name,Name Prefix,Name Suffix,Nickname,File As,Organization Name,Organization Title,Organization Department,Birthday,Notes,Photo,Labels,E-mail 1 - Label,E-mail 1 - Value,Phone 1 - Label,Phone 1 - Value,Phone 2 - Label,Phone 2 - Value,Address 1 - Label,Address 1 - Formatted,Address 1 - Street,Address 1 - City,Address 1 - PO Box,Address 1 - Region,Address 1 - Postal Code,Address 1 - Country,Address 1 - Extended Address,Address 2 - Label,Address 2 - Formatted,Address 2 - Street,Address 2 - City,Address 2 - PO Box,Address 2 - Region,Address 2 - Postal Code,Address 2 - Country,Address 2 - Extended Address,Website 1 - Label,Website 1 - Value
Aai,,,,,,,,,,,,,,,,* myContacts,,,Mobile,+91 90228 90395,,,,,,,,,,,,,,,,,,,,,,
Aai 1,,,,,,,,,,,,,,,,* myContacts,,,Mobile,+917758099438,,,,,,,,,,,,,,,,,,,,,,
Abhinay,,,,,,,,,,,,,,,,* myContacts,,,Mobile,+919096361734,,,,,,,,,,,,,,,,,,,,,,
Abhinay ,,Mother,,,,,,,,,,,,,,* myContacts,,,Mobile,+919623402286,,,,,,,,,,,,,,,,,,,,,,
Abhinaya Father,,,,,,,,,,,,,,,,* myContacts,,,Mobile,+917773910067,,,,,,,,,,,,,,,,,,,,,,
Abhishek,,,,,,,,,,,,,,,,* myContacts,,,Mobile,+919730101642,,,,,,,,,,,,,,,,,,,,,,
Abhishek F,,,,,,,,,,,,,,,,* myContacts,,,Mobile,+919011188173,,,,,,,,,,,,,,,,,,,,,,
Abhishek,,Koli,,,,,,,,,,,,,https://lh3.googleusercontent.com/contacts/AG6tpzHU26al8y9WhMIM3A_8QvXGFUJXQdTEXoFZlrwZApXGEyeBWaiy,* myContacts,,,Mobile,+91 73857 02349,,,Home,"Maharashtra
India",,,,Maharashtra,,India,,,,,,,,,,,,
Abhishek Tawde SGU,,,,,,,,,,,,,,,,* myContacts,,,Mobile,93224 63067,,,,,,,,,,,,,,,,,,,,,,
Aditya,Ravjiwar,,,,,,,,,,,,,,,* myContacts,,,Mobile,+91 90280 83065,,,Home,"Maharashtra
India",,,,Maharashtra,,India,,,,,,,,,,,,
Aditya,,Rawjiwar,,,,,,,,,,,,,,* myContacts,,,Mobile,+91 86693 05276 ::: +91 93596 43028,,,Home,"Maharashtra
India",,,,Maharashtra,,India,,,,,,,,,,,,
Aditya,,Shinde,,,,,,,,,,,,,,* myContacts,,,Mobile,+91 96898 65050 ::: +91 97931 93737,,,Home,"Maharashtra
India",,,,Maharashtra,,India,,,,,,,,,,,,
Aditya Shinde AIML,,,,,,,,,,,,,,,,* myContacts,,,Mobile,+91 74992 45842,,,,,,,,,,,,,,,,,,,,,,
Ajay,,Chalikwar,,,,,,,,,,,,,,* myContacts,,,Mobile,+919030499288,,,,,,,,,,,,,,,,,,,,,,
Ajay,,Kadam CIVIL,,,,,,,,,,,,,,* myContacts,,,Mobile,+91 90672 92311,,,Home,"Maharashtra
India",,,,Maharashtra,,India,,,,,,,,,,,,
Ajit Naik Sir EP (Workshop),,,,,,,,,,,,,,,,* myContacts,,,Mobile,+91 96234 20961,,,,,,,,,,,,,,,,,,,,,,
Akash,,Abarange(I'd Card) Sir SGU,,,,,,,,,,,,,,* myContacts,,,Mobile,+91 90211 10756,,,Home,"Maharashtra
India",,,,Maharashtra,,India,,,,,,,,,,,,
akash,,balte,,,,,,,,,,,,,,* myContacts,,,Mobile,+91 76669 03017,,,,,,,,,,,,,,,,,,,,,,
Akshay,,Pupalwar,,,,,,,,,,,,,,* myContacts,,,,+91 99221 02063 ::: +91 99221 02063,,,,,,,,,,,,,,,,,,,,,,
Amey,Shinde,Sgu,,,,,,,,,,,,,,* myContacts,,,Mobile,82650 05800,,,,,,,,,,,,,,,,,,,,,,
Amol,More,Aiml,,,,,,,,,,,,,,* myContacts,,,Mobile,93707 82338,,,,,,,,,,,,,,,,,,,,,,
Amruta ,,,,,,,,,,,,,,,,* myContacts,,,Mobile,+917032826815,,,,,,,,,,,,,,,,,,,,,,
Anand Kumbhar(Electrical Dept.,Co-ordinator,),,,,,,,,,,,,,,* myContacts,,,Mobile,+91 95951 20619,,,Home,"Maharashtra
India",,,,Maharashtra,,India,,,,,,,,,,,,
Aniket,Sontakke,Nanded,,,,,,,,,,,,,,* myContacts,,,,+91 93596 48994 ::: +91 73858 63212,,,,,,,,,,,,,,,,,,,,,,
Anish Dhutre AIML,,,,,,,,,,,,,,,https://lh3.googleusercontent.com/contacts/AG6tpzG1-2NdjPmAbyJyskOgl0K80xdr6LYGTjMrLXMKFLSvAFBJ6p4J,* myContacts,,,Mobile,+91 89262 60101,,,Home,"Orissa
India",,,,Orissa,,India,,,,,,,,,,,,
Anish,,Padmawar,,,,,,,,,,,,,,* myContacts,,,,+91 86055 50613,Mobile,+91 86055 50613,,,,,,,,,,,,,,,,,,,,
Ankit,,,,,,,,,,,,,,,,* myContacts,,,Mobile,+917875854624,,,,,,,,,,,,,,,,,,,,,,
Ankita Chidrewar,,,,,,,,,,,,,,,,* myContacts,,,Mobile,+918897463813,,,,,,,,,,,,,,,,,,,,,,
Anuj,,,,,,,,,,,,,,,,* myContacts,,,Mobile,+919028828046 ::: +919373808046,,,,,,,,,,,,,,,,,,,,,,
Aruna,,Mavshi,,,,,,,,,,,,,,* myContacts,,,Mobile,+919764165115,,,Home,"Maharashtra
India",,,,Maharashtra,,India,,,,,,,,,,,,
Aryan,,Waghmode,,,,,,,,,,,,,,* myContacts,,,Mobile,+91 78430 36678,,,Home,"Maharashtra
India",,,,Maharashtra,,India,,,,,,,,,,,,
Ashay 2,,,,,,,,,,,,,,,,* myContacts,,,Mobile,+917719034547,,,,,,,,,,,,,,,,,,,,,,
Ashay,,Pensalwar,,,,,,,,,,,,,,* myContacts,,,,+91 77190 34547,Mobile,+91 88578 51513,,,,,,,,,,,,,,,,,,,,
Ashish,Sathe,SGRA,,,,,,,,,,,,,,* myContacts,,,,,,,,,,,,,,,,,,,,,,,,,,
Ashok,,bhavji,,,,,,,,,,,,,,* myContacts,,,Mobile,+917386703224,,,,,,,,,,,,,,,,,,,,,,
Ashok Patil,(Ranjeet,Mess),,,,,,,,,,,,,,* myContacts,,,Mobile,+91 96895 95082,,,,,,,,,,,,,,,,,,,,,,
Atharv,,,,,,,,,,,,,,,,* myContacts,,,Mobile,+919604160954,,,,,,,,,,,,,,,,,,,,,,
Atharv nanded,,,,,,,,,,,,,,,,* myContacts,,,Mobile,+919156079817,,,,,,,,,,,,,,,,,,,,,,
Atharv,Yelpale,Patil CSE ,,,,,,,,,,,,,,* myContacts,,,Mobile,+91 88054 00656,,,,,,,,,,,,,,,,,,,,,,
Atharva,,Patil AIML,,,,,,,,,,,,,,* myContacts,,,Mobile,+91 98236 35308,,,,,,,,,,,,,,,,,,,,,,
Atigre,,Medical,,,,,,,,,,,,,,* myContacts,,,Mobile,+91 78757 93032,,,,,,,,,,,,,,,,,,,,,,
Atul Shinde Pharmacy,,,,,,,,,,,,,,,,* myContacts,,,Mobile,+91 90754 58933,,,,,,,,,,,,,,,,,,,,,,
Avinash Pratap Budaragade (ML Sir),,,,,,,,,,,,,,,,* myContacts,,,Mobile,+918123933010,,,,,,,,,,,,,,,,,,,,,,
Ayush,,Jadhav AIML,,,,,,,,,,,,,,* myContacts,,,Mobile,+91 95796 41871,,,Home,"Maharashtra
India",,,,Maharashtra,,India,,,,,,,,,,,,
Baba,,,,,,,,,,,,,,,,* myContacts,,,Mobile,+91 77580 99438 ::: +91 77580 99438,,,,,,,,,,,,,,,,,,,,,,
Baba (Kailash Shinde),,,,,,,,,,,,,,,,* myContacts,,,Mobile,+91 78229 24084,,,Home,"Maharashtra
India",,,,Maharashtra,,India,,,,,,,,,,,,
Babu,,,,,,,,,,,,,,,,* myContacts,,,Mobile,+918767504190,,,,,,,,,,,,,,,,,,,,,,
Babu Bhauji,,,,,,,,,,,,,,,,* myContacts,,,Mobile,+918975366566,,,,,,,,,,,,,,,,,,,,,,
Baby Tai Shetty ,,,,,,,,,,,,,,,,* myContacts,,,Mobile,+917588429342,,,,,,,,,,,,,,,,,,,,,,
Bake And Bite 2,,,,,,,,,,,,,,,,* myContacts,,,Mobile,+917507986224,,,,,,,,,,,,,,,,,,,,,,
Balasaheb Chavan,SE,SIR,,,,,,,,,,,,,,* myContacts,,,Mobile,+91 95884 17843,,,,,,,,,,,,,,,,,,,,,,
Bb3,,,,,,,,,,,,,,,,* myContacts,,,Mobile,+918520843358,,,,,,,,,,,,,,,,,,,,,,
Bharat Patil SGU,Hostel,Staff,,,,,,,,,,,,,,* myContacts,,,Mobile,+91 87889 36956,,,Home,"Maharashtra, India",,,,Maharashtra,,India,,,,,,,,,,,,
Bhavana Tai,,,,,,,,,,,,,,,,* myContacts,,,Mobile,+919890221098,,,,,,,,,,,,,,,,,,,,,,
Bhavna,,Mamde,,,,,,,,,,,,,https://lh3.googleusercontent.com/contacts/AG6tpzE5sWCnZ0uyPxVyCdFfaXsFtCNdeF0cgJCsTCfy0wcD2iXz5qTT,* myContacts,,,Mobile,+91 98902 21098,Other,+91 84594 46603,Home,"Maharashtra
India",,,,Maharashtra,,India,,Work,"Maharashtra
India",,,,Maharashtra,,India,,,
Bhushan,Wale,Bsc,,,,,,,,,,,,,,* myContacts,,,Mobile,+91 93594 46438,,,,,,,,,,,,,,,,,,,,,,
Boat,,,,,,,,,,,,,,,,* myContacts,,,Mobile,+912269181920,,,,,,,,,,,,,,,,,,,,,,
Bright Education Consultant Nanded,,,,,,,,,,,,,,,,* myContacts,,,Mobile,+917741827220,,,,,,,,,,,,,,,,,,,,,,
Bytes Computer ,,,,,,,,,,,,,,,,* myContacts,,,Mobile,+917774954261,,,,,,,,,,,,,,,,,,,,,,
Chirag More AIML(SGU),,,,,,,,,,,,,,,https://lh3.googleusercontent.com/contacts/AG6tpzFHaPZON3YWmrhGaycSpNqOo5I8kUh-5pM3GW-EJLQwKF1xL0Yp,* myContacts,,,Mobile,+91 72498 21075,,,Home,"Maharashtra
India",,,,Maharashtra,,India,,,,,,,,,,,,
Choti Kottalwar,,,,,,,,,,,,,,,,* myContacts,,,Mobile,+919145138079,,,,,,,,,,,,,,,,,,,,,,
Creative Class,,,,,,,,,,,,,,,,* myContacts,,,Mobile,+918999047262,,,,,,,,,,,,,,,,,,,,,,
Creative Coaching Classes,,,,,,,,,,,,,,,,* myContacts,,,Mobile,+917758055858,,,,,,,,,,,,,,,,,,,,,,
Dad,,üß°,,,,,,,,,,,,,https://lh3.googleusercontent.com/contacts/AG6tpzFNalTl-7x-Hddy3ukn2ShshOTYWJWbcz_oU3Pr6hEijAXsQv_4,* myContacts ::: * starred,* Home,sanjaypensalwar192@gmail.com,Mobile,+91 77449 15533,Other,+91 98602 37184,Home,"Maharashtra
India",,,,Maharashtra,,India,,,,,,,,,,,,
Danish Mechanical Engineering,,,,,,,,,,,,,,,,* myContacts,,,Mobile,+91 99222 99736,,,Home,"Maharashtra
India",,,,Maharashtra,,India,,,,,,,,,,,,
Darshan,,Patil,,,,,,,,,,,,,,* myContacts,,,Mobile,+91 80882 04543,,,,,,,,,,,,,,,,,,,,,,
Datta,,Argulwar,,,,,,,,,,,,,,* myContacts,,,Mobile,+919325959237,,,,,,,,,,,,,,,,,,,,,,
datta gade Sir,,,,,,,,,,,,,,,,* myContacts,,,Mobile,+918421114506,,,,,,,,,,,,,,,,,,,,,,
DevYog,Hostel,Sir,,,,,,,,,,,,,,* myContacts,,,,+91 98505 56151,,,,,,,,,,,,,,,,,,,,,,
Dheeraj,Kashalkar,AIML,,,,,,,,,,,,,,* myContacts,,,Mobile,+91 93708 48718,,,Home,"Maharashtra
India",,,,Maharashtra,,India,,,,,,,,,,,,
Digvijay kadam CSE,,,,,,,,,,,,,,,,* myContacts,,,Mobile,+91 77199 64183,,,,,,,,,,,,,,,,,,,,,,
Digvijay Suryawanshi,,,,,,,,,,,,,,,,* myContacts,,,Mobile,+919322166972,,,,,,,,,,,,,,,,,,,,,,
Dikshant,,Raybole,,,,,,,,,,,,,https://lh3.googleusercontent.com/contacts/AG6tpzH7XDrPr7JQ_VDej1sMW8T8vuJ3yyNhUXc2LXiANGcXuckRiFsO,* myContacts,,,Mobile,+91 94046 39728,,,Home,"Maharashtra
India",,,,Maharashtra,,India,,,,,,,,,,,,
Dilip Bhauji 2,,,,,,,,,,,,,,,,* myContacts,,,Mobile,+918999779177,,,,,,,,,,,,,,,,,,,,,,
Dilip Bowinwad,,,,,,,,,,,,,,,https://lh3.googleusercontent.com/contacts/AG6tpzGtJt_W4nXfFwZZ2GjBK7YMMqF3IoaASuZkmmdllHM3Vgtay7tm,* myContacts,,,Other,+91 98342 82473,,,Home,"Maharashtra
India",,,,Maharashtra,,India,,,,,,,,,,,,
Dilip,Kaka,Domkondawar,,,,,,,,,,,,,,* myContacts,,,,+91 89997 79177,Mobile,+91 97301 83573,,,,,,,,,,,,,,,,,,,,
Dinesh,,Yerawar,,,,,,,,,,,,,,* myContacts,,,Mobile,+918482925445,,,,,,,,,,,,,,,,,,,,,,
Dipali,demewar,2,,,,,,,,,,,,,,* myContacts,,,Mobile,+91 99704 03537 ::: +91 99238 75696,,,Home,"Maharashtra
India",,,,Maharashtra,,India,,,,,,,,,,,,
Distress,,Number,,,,,,,,,,,,,,* myContacts,,,Home,+91112,,,,,,,,,,,,,,,,,,,,,,
Doubtnut,,,,,,,,,,Doubtnut,,,,,,* myContacts,,,Mobile,+918400400400,,,,,,,,,,,,,,,,,,,,,,
FamPay,,,,,,,,,,FamPay,,,,,,* myContacts,,,Mobile,+917795839838,,,,,,,,,,,,,,,,,,,,,,
Fampay,,,,,,,,,,,,,,,,* myContacts,,,Mobile,+918047187911,,,,,,,,,,,,,,,,,,,,,,
FC,,Xerox,,,,,,,,,,,,,,* myContacts,,,Mobile,+91 77450 68108,,,,,,,,,,,,,,,,,,,,,,
FC,Xerox,2,,,,,,,,,,,,,,* myContacts,,,Mobile,96657 03737,,,,,,,,,,,,,,,,,,,,,,
Gajsree Gangawar,,,,,,,,,,,,,,,,* myContacts,,,Mobile,+919637812621,,,,,,,,,,,,,,,,,,,,,,
Ganesh,,Polkewad,,,,,,,,,,,,,https://lh3.googleusercontent.com/contacts/AG6tpzF8_fGvuTBjjSLYD3OZS1EE9sF4PWYKnX8Qhg36IhAt61I9CF6f,* myContacts,,,Mobile,+91 70579 51772,,,Home,"Maharashtra
India",,,,Maharashtra,,India,,,,,,,,,,,,
Ganesh Rodod,,,,,,,,,,,,,,,,* myContacts,,,Mobile,+917066658731,,,,,,,,,,,,,,,,,,,,,,
Ganesh,,Yerawar,,,,,,,,,,,,,,* myContacts,,,Other,+91 73859 39888,,,Home,"Maharashtra
India",,,,Maharashtra,,India,,,,,,,,,,,,
Gangnelu,,Shobha,,,,,,,,,,,,,,* myContacts,,,Mobile,+918149602266,,,,,,,,,,,,,,,,,,,,,,
Gopal Mama ,,,,,,,,,,,,,,,,* myContacts,,,Mobile,+919011471007,,,,,,,,,,,,,,,,,,,,,,
Gov. Of India ,,,,,,,,,,,,,,,,* myContacts,,,Mobile,90131 51515,,,,,,,,,,,,,,,,,,,,,,
Goverdhan Padange (Bharat Multiservices),,,,,,,,,,,,,,,https://lh3.googleusercontent.com/contacts/AG6tpzHtZWpP9X75InVV2HmdeFOZbqM_rnNvBn3GJpV3L7ISnb0HAs6i,* myContacts,,,Mobile,+91 97668 84026,,,Home,"Maharashtra
India",,,,Maharashtra,,India,,,,,,,,,,,,
Govindraj,,Gutte BBA,,,,,,,,,,,,,,* myContacts,,,Mobile,+91 80100 11799,,,Home,"Maharashtra
India",,,,Maharashtra,,India,,,,,,,,,,,,
GuruPrasad Kundgal,TY,AIML,,,,,,,,,,,,,,* myContacts,,,Mobile,+91 73978 67709,,,Home,"Maharashtra
India",,,,Maharashtra,,India,,,,,,,,,,,,
Gw & Cc,Sir,Sgu,,,,,,,,,,,,,,* myContacts,,,Mobile,+91 98606 68282,,,,,,,,,,,,,,,,,,,,,,
Hanmant,Koli,Aiml,,,,,,,,,,,,,,* myContacts,,,Mobile,72194 72450,,,,,,,,,,,,,,,,,,,,,,
Harsh,,Benke,,,,,,,,,,,,,,* myContacts,,,Mobile,+91 93567 33015 ::: +91 92847 00981,,,Home,"Maharashtra
India",,,,Maharashtra,,India,,,,,,,,,,,,
Harsh,,Nilawar,,,,,,,,,,,,,,* myContacts,,,Mobile,+919022718687,,,,,,,,,,,,,,,,,,,,,,
Harshad,Patil,AIML,,,,,,,,,,,,,,* myContacts,,,Mobile,+91 85309 32437,,,,,,,,,,,,,,,,,,,,,,
Harshal,,Patil Aero,,,,,,,,,,,,,,* myContacts,,,Mobile,+91 70281 83009,,,Home,"Maharashtra
India",,,,Maharashtra,,India,,,,,,,,,,,,
Harshavardhan,,Suryavanshi BSC (MPSC),,,,,,,,,,,,,https://lh3.googleusercontent.com/contacts/AG6tpzEvIbD-qdVrsOm2PgsacXG7lIs8zyTJCF6XV3mad8WSeOBhHRK2,* myContacts,,,Mobile,+91 77209 24959,,,Home,"Maharashtra
India",,,,Maharashtra,,India,,,,,,,,,,,,
Haven 8 PG,Pune,(Owner),,,,,,,,,,,,,,* myContacts,,,Mobile,+91 76200 66227,,,,,,,,,,,,,,,,,,,,,,
Hindurao patil CSE,,,,,,,,,,,,,,,,* myContacts,,,Mobile,+918983504150,,,,,,,,,,,,,,,,,,,,,,
Idea,,,,,,,,,,,,,,,,* myContacts,,,Mobile,+91198,,,,,,,,,,,,,,,,,,,,,,
Isha ,,Bhalkar,,,,,,,,,,,,,,* myContacts,,,Mobile,+91 99218 33331,,,,,,,,,,,,,,,,,,,,,,
jagdish palawar,,,,,,,,,,,,,,,,* myContacts,,,Mobile,+919326145830,,,,,,,,,,,,,,,,,,,,,,
Jai Aatu,,,,,,,,,,,,,,,,* myContacts,,,Mobile,+919766750833,,,,,,,,,,,,,,,,,,,,,,
Jarvis,,,,,,,,,,,,,,,,* myContacts,,,Mobile,+91 84465 91907,,,,,,,,,,,,,,,,,,,,,,
Jayant,Tanpure,CSE,,,,,,,,,,,,,,* myContacts,,,Mobile,+91 70585 87618,,,,,,,,,,,,,,,,,,,,,,
Jitesh Narvekar AIML,,,,,,,,,,,,,,,,* myContacts,,,Mobile,+917875507882,,,,,,,,,,,,,,,,,,,,,,
Jitesh Narvekar,Sgu,AIML(Sy),,,,,,,,,,,,,,* myContacts,,,Mobile,80738 37648,,,,,,,,,,,,,,,,,,,,,,
JR,,,,,,,,,,,,,,,,* myContacts,,,Mobile,+919881764444,,,,,,,,,,,,,,,,,,,,,,
Jyoti Deshmukh,,,,,,,,,,,,,,,,* myContacts,,,Mobile,+917841856292,,,,,,,,,,,,,,,,,,,,,,
Jyoti Gangawar,,,,,,,,,,,,,,,,* myContacts,,,Mobile,+918390092887,,,,,,,,,,,,,,,,,,,,,,
Jyoti Revanwar,,,,,,,,,,,,,,,,* myContacts,,,Mobile,+918888631023,,,,,,,,,,,,,,,,,,,,,,
Kagle Sir,,,,,,,,,,,,,,,,* myContacts,,,Mobile,+919561564238,,,,,,,,,,,,,,,,,,,,,,
Kamal,,Tai,,,,,,,,,,,,,,* myContacts,,,Mobile,+917744815533,,,,,,,,,,,,,,,,,,,,,,
Karan,Dharmoji,AIML,,,,,,,,,,,,,,* myContacts,,,Mobile,+91 75888 49009 ::: +91 77450 90093,,,Home,"Maharashtra
India",,,,Maharashtra,,India,,,,,,,,,,,,
Karthik Travel (Venkatesh,Mama's,Informer),,,,,,,,,,,,,,* myContacts,,,Mobile,93737 36850,,,,,,,,,,,,,,,,,,,,,,
Kartik,Travels,Kolhapur,,,,,,,,,,,,,,* myContacts,,,Mobile,+91 93701 14757,,,,,,,,,,,,,,,,,,,,,,
Kavita Aayaa Gangakhed,,,,,,,,,,,,,,,,* myContacts,,,Mobile,+917350779025,,,,,,,,,,,,,,,,,,,,,,
Khaum,,,,,,,,,,,,,,,,* myContacts,,,Mobile,+918087300355,,,,,,,,,,,,,,,,,,,,,,
Khushal,,Patel,,,,,,,,,,,,,,* myContacts,,,Mobile,+91 70577 45660,,,Home,"Maharashtra
India",,,,Maharashtra,,India,,,,,,,,,,,,
Khushal,,Patel AIML,,,,,,,,,,,,,,* myContacts,,,Mobile,+91 73876 07456 ::: +91 84590 15361,,,,,,,,,,,,,,,,,,,,,,
Kiran Domkondwar,,,,,,,,,,,,,,,,* myContacts,,,Home,+919370270081,,,,,,,,,,,,,,,,,,,,,,
Kirti,,Kunchnwar,,,,,,,,,,,,,,* myContacts,,,Mobile,+919326226548,,,,,,,,,,,,,,,,,,,,,,
Kishor Dada,Balaji,Dresses,,,,,,,,,,,,,,* myContacts,,,Mobile,72648 67022,,,,,,,,,,,,,,,,,,,,,,
Krishna,,,,,,,,,,,,,,,,* myContacts,,,Mobile,+918626035849,,,,,,,,,,,,,,,,,,,,,,
Krishna,,Tudme,,,,,,,,,,,,,https://lh3.googleusercontent.com/contacts/AG6tpzFKxTh3M15ToTUsZFK2zjbTPExD4-H8SehgH1TcLNJahHhHv8vW,* myContacts,,,Mobile,+91 89839 18432,,,Home,"Maharashtra
India",,,,Maharashtra,,India,,,,,,,,,,,,
Kshitij Shivale,,,,,,,,,,,,,,,,* myContacts,,,Mobile,+917058394417,,,,,,,,,,,,,,,,,,,,,,
Kunal ,,Suryavanshi,,,,,,,,,,,,,https://lh3.googleusercontent.com/contacts/AG6tpzFDBg7yY_dC2d9dS2oeR8EDLOd5YX97icg9Yrr4Pf1Fsjz35oti,* myContacts,,,Mobile,+91 96578 18634,,,Home,"Maharashtra
India",,,,Maharashtra,,India,,,,,,,,,,,,
Kunal,,Suryawanshi,,,,,,,,,,,,,,* myContacts,,,Other,+91 98341 33057,,,,,,,,,,,,,,,,,,,,,,
Latur,,Aunty,,,,,,,,,,,,,,* myContacts,,,Mobile,+919545926666,,,,,,,,,,,,,,,,,,,,,,
Laxmi,,Gangawar,,,,,,,,,,,,,,* myContacts,,,Mobile,+918379867463,,,,,,,,,,,,,,,,,,,,,,
Madhav,AIML,SY,,,,,,,,,,,,,,* myContacts,,,Mobile,+91 80881 60410,,,,,,,,,,,,,,,,,,,,,,
Madhu Sir,,,,,,,,,,,,,,,,* myContacts,,,Mobile,+917013410650,,,,,,,,,,,,,,,,,,,,,,
Maharashtra Institute Of Technology Aurangabad,,,,,,,,,,,,,,,,* myContacts,,,Mobile,+918208438274,,,,,,,,,,,,,,,,,,,,,,
Mahesh Gawde Sir SGU,(Sports,Teacher),,,,,,,,,,,,,,* myContacts,,,Mobile,99215 01366,,,,,,,,,,,,,,,,,,,,,,
Major,,,,,,,,,,,,,,,,* myContacts,,,Mobile,+91 93220 26088,,,Home,"Maharashtra
India",,,,Maharashtra,,India,,,,,,,,,,,,
Mane Sir ,,Bhargav,,,,,,,,,,,,,,* myContacts,,,Mobile,+919309703310,,,,,,,,,,,,,,,,,,,,,,
Mangesh Raje Bhargav,,,,,,,,,,,,,,,,* myContacts,,,Mobile,+917720097996,,,,,,,,,,,,,,,,,,,,,,
Manish Ankalkote,B.,Com,,,,,,,,,,,,,,* myContacts,,,Mobile,+91 70389 28811,,,Home,"Maharashtra
India",,,,Maharashtra,,India,,,,,,,,,,,,
Manish,,Deshpande,,,,,,,,,,,,,,* myContacts,,,Mobile,+91 91568 38788,,,,,,,,,,,,,,,,,,,,,,
Manju tai Gangawar,,,,,,,,,,,,,,,,* myContacts,,,Mobile,+918983293989,,,,,,,,,,,,,,,,,,,,,,
Manmath,,Hande,,,,,,,,,,,,,,* myContacts,,,Mobile,+919146367397,,,,,,,,,,,,,,,,,,,,,,
,,Maths Dpp,,,,,,,,,,,,,,* myContacts,,,Mobile,+919579638891,,,,,,,,,,,,,,,,,,,,,,
Mayur,(Sarkar,Mess),,,,,,,,,,,,,,* myContacts,,,Mobile,70665 25904,,,,,,,,,,,,,,,,,,,,,,
Mayur,Patil,,,,,,,,,,,,,,,* myContacts,,,Mobile,+91 93562 45156,,,Home,"Maharashtra
India",,,,Maharashtra,,India,,,,,,,,,,,,
Mayuresh,,Pawar,,,,,,,,,,,,,,* myContacts,,,Home,+91 74985 28552,,,,,,,,,,,,,,,,,,,,,,
Motegaonkar Sir,,,,,,,,,,,,,,,,* myContacts,,,Mobile,+919325699999,,,,,,,,,,,,,,,,,,,,,,
Mudigiri Kishor Sir RCC,,,,,,,,,,,,,,,,* myContacts,,,Mobile,+917731054155,,,,,,,,,,,,,,,,,,,,,,
Mummy‚ù§Ô∏è,,,,,,,,,,,,,,,,* myContacts ::: * starred,,,Mobile,+91 91307 79818,,,,,,,,,,,,,,,,,,,,,,
Munde (Prajakta Mam),,,,,,,,,,,,,,,,* myContacts,,,Mobile,+919112451059,,,,,,,,,,,,,,,,,,,,,,
Munde classes,,,,,,,,,,,,,,,,* myContacts,,,Mobile,+919545384999,,,,,,,,,,,,,,,,,,,,,,
Munna (Prashant) pensalwar,,,,,,,,,,,,,,,,* myContacts,,,Mobile,+919767543003,,,,,,,,,,,,,,,,,,,,,,
Nanda Tai Shakarwar,,,,,,,,,,,,,,,,* myContacts,,,Mobile,+917507434781,,,,,,,,,,,,,,,,,,,,,,
Nandu ,,Bhavji,,,,,,,,,,,,,,* myContacts,,,Mobile,+919890233963,,,,,,,,,,,,,,,,,,,,,,
Nandu Hande,,,,,,,,,,,,,,,,* myContacts,,,Mobile,+919356952376,,,,,,,,,,,,,,,,,,,,,,
Nani,,Ganesh,,,,,,,,,,,,,,* myContacts,,,Mobile,+919156914540,,,,,,,,,,,,,,,,,,,,,,
Naresh Gajewar,,,,,,,,,,,,,,,,* myContacts,,,Mobile,+91 77700 78891,,,Home,"Maharashtra
India",,,,Maharashtra,,India,,,,,,,,,,,,
Nayna Kulkarni,,,,,,,,,,,,,,,,* myContacts,,,Mobile,+919922268155,,,,,,,,,,,,,,,,,,,,,,
Neeta Damkodwar,,,,,,,,,,,,,,,,* myContacts,,,,,,,,,,,,,,,,,,,,,,,,,,
nileshnillawar9881,,,,,,,,,,,,,,,,* myContacts,,,Mobile,+919881443440,,,,,,,,,,,,,,,,,,,,,,
Nilkanth,,Gangawar,,,,,,,,,,,,,,* myContacts,,,Mobile,+918806810454,,,,,,,,,,,,,,,,,,,,,,
Nita Domkondwar,,,,,,,,,,,,,,,,* myContacts,,,Mobile,+919881821693,,,,,,,,,,,,,,,,,,,,,,
Nk,,Nk (Galaxy Xerox),,,,,,,,,,,,,,* myContacts,,,Mobile,+918378909996,,,Home,"Maharashtra
India",,,,Maharashtra,,India,,,,,,,,,,,,
NTA,,,,,,,,,,,,,,,,* myContacts,,,Mobile,+911206895200,,,,,,,,,,,,,,,,,,,,,,
Ny,,,,,,,,,,,,,,,,* myContacts,,,Mobile,+918857980525 ::: +918975953888,,,,,,,,,,,,,,,,,,,,,,
Omkar,Kadam,Sahyadri,,,,,,,,,,,,,https://lh3.googleusercontent.com/contacts/AG6tpzHY3zCuVB9Sl1HQZ9iQKl46m7IIuDm-Y9t1q0Xlaye-LrmwqQxv,* myContacts,,,Other,+91 93251 61210,,,,,,,,,,,,,,,,,,,,,,
Omsai,SGI,Nanded,,,,,,,,,,,,,,* myContacts,,,Mobile,+91 72495 58573,,,,,,,,,,,,,,,,,,,,,,
Onkar Chauhan SGU,,CSE,,,,,,,,,,,,,,* myContacts,,,Mobile,+919356878261,,,,,,,,,,,,,,,,,,,,,,
Pallavi Pattewar,,,,,,,,,,,,,,,,* myContacts,,,Mobile,+918983115812,,,,,,,,,,,,,,,,,,,,,,
Pamu Aatu,,,,,,,,,,,,,,,,* myContacts,,,Mobile,+918087206207,,,,,,,,,,,,,,,,,,,,,,
Pappa,,,,,,,,,,,,,,,,* myContacts,,,Mobile,+919764349406,,,,,,,,,,,,,,,,,,,,,,
Papu,Shet(Saurabh,Kale),,,,,,,,,,,,,,* myContacts,,,Mobile,+91 90961 44970,,,,,,,,,,,,,,,,,,,,,,
Parmesh,Vaishnav,E&TC E,,,,,,,,,,,,,,* myContacts,,,Mobile,+91 86963 33685,,,,,,,,,,,,,,,,,,,,,,
Pattewar,Genral,Stors,,,,,,,,,,,,,,* myContacts,,,Mobile,+919970631969,,,,,,,,,,,,,,,,,,,,,,
Paware saraswati,,,,,,,,,,,,,,,,* myContacts,,,Mobile,+919960849801,,,,,,,,,,,,,,,,,,,,,,
Pc Solution Kolhapur,,(Sumeet Chakrashali Shooter),,,,,,,,Pc Solution,,,,,,* myContacts,,,Mobile,+919823070405,,,,,,,,,,,,,,,,,,,,,,
Pinki,,,,,,,,,,,,,,,,* myContacts,,,Mobile,+919130935888,,,,,,,,,,,,,,,,,,,,,,
Pinkki,,Tai,,,,,,,,,,,,,,* myContacts,,,Mobile,+91 96371 02007,,,,,,,,,,,,,,,,,,,,,,
Pooja,,,,,,,,,,,,,,,,* myContacts,,,Mobile,+919975552747,,,,,,,,,,,,,,,,,,,,,,
Prajakta Basatwar,,,,,,,,,,,,,,,,* myContacts,,,Mobile,+918421292994,,,,,,,,,,,,,,,,,,,,,,
Prakash,,Pensalwar,,,,,,,,,,,,,https://lh3.googleusercontent.com/contacts/AG6tpzEUHxp1Q2tR3IZyWjpeG0epzttAzD4EB5xluGpWh51F16Ti46tH,* myContacts,,,Mobile,+91 89753 66566,,,Home,"Maharashtra
India",,,,Maharashtra,,India,,,,,,,,,,,,
Prakash Savkar Pensalwar,(Mothe,Kaka),,,,,,,,,,,,,,* myContacts,,,Mobile,+91 77440 97522,,,,,,,,,,,,,,,,,,,,,,
Prasad,,Mamde,,,,,,,,,,,,,https://lh3.googleusercontent.com/contacts/AG6tpzEJtDHBQK4d9uE_6B6fdVgcZg4vX4tEZHdUgG562EvsVM86fqNW,* myContacts,,,Mobile,+91 88067 33379,,,Home,"Maharashtra
India",,,,Maharashtra,,India,,,,,,,,,,,,
Pratham,bhosale,Civil,,,,,,,,,,,,,,* myContacts,,,Mobile,+91 74477 51415,,,,,,,,,,,,,,,,,,,,,,
Pratham,,Pande,,,,,,,,,,,,,,* myContacts,,,Other,+91 80802 39539,,,Home,"Maharashtra
India",,,,Maharashtra,,India,,,,,,,,,,,,
Prathamesh,,,,,,,,,,,,,,,,* myContacts,,,Mobile,+917875465211,,,,,,,,,,,,,,,,,,,,,,
Prathamesh ùêÉesai,BA,(MPSC),,,,,,,,,,,,,,* myContacts,,,Mobile,+91 93225 06009,,,,,,,,,,,,,,,,,,,,,,
Prathmesh,,More CSE,,,,,,,,,,,,,,* myContacts,,,Other,+91 70580 54028,,,,,,,,,,,,,,,,,,,,,,
Pratik,,Maniyar,,,,,,,,,,,,,,* myContacts,,,Mobile,+91 98221 58339,,,,,,,,,,,,,,,,,,,,,,
Pratik,Patil,AIML,,,,,,,,,,,,,,* myContacts,,,Mobile,+91 91560 10478 ::: +91 90110 39413,,,Home,"Maharashtra
India",,,,Maharashtra,,India,,,,,,,,,,,,
Pratik,Patil,Electric,,,,,,,,,,,,,,* myContacts,,,Mobile,93593 07680,,,,,,,,,,,,,,,,,,,,,,
Pratik,Shet,BBA,,,,,,,,,,,,,https://lh3.googleusercontent.com/contacts/AG6tpzGvi5b8c_9G5LrdI1B-v91h0v-7YYROPtCshjlno43SqrEgT-8E,* myContacts,* Home,pratikdere204@gmail.com,Mobile,+91 98224 27083,,,Home,"Maharashtra, India",,,,Maharashtra,,India,,,,,,,,,,,,
Pravin,Da,SGU,,,,,,,,,,,,,,* myContacts,,,,+91 98220 71751,,,,,,,,,,,,,,,,,,,,,,
Prinf,,,,,,,,,,,,,,,,* myContacts,,,Home,+917798978358,,,,,,,,,,,,,,,,,,,,,,
Priyanka,,,,,,,,,,,,,,,,* myContacts,,,Mobile,+918888195547,,,,,,,,,,,,,,,,,,,,,,
Prmod ,,Bhavji,,,,,,,,,,,,,,* myContacts,,,Mobile,+919922284376,,,,,,,,,,,,,,,,,,,,,,
Pruthviraj,,Bhalke Civil ,,,,,,,,,,,,,,* myContacts,,,Mobile,+91 76668 98933,,,,,,,,,,,,,,,,,,,,,,
Pruthviraj Chougale CSE,,,,,,,,,,,,,,,,* myContacts,,,Mobile,+919322095191,,,,,,,,,,,,,,,,,,,,,,
Pruthviraj,Shitole,AIML,,,,,,,,,,,,,,* myContacts,,,Mobile,+91 99162 31077,,,,,,,,,,,,,,,,,,,,,,
Rachewad  Kaka,,,,,,,,,,,,,,,,* myContacts,,,Mobile,+917709156117,,,,,,,,,,,,,,,,,,,,,,
Radha Aattya,,,,,,,,,,,,,,,,* myContacts,,,Mobile,+919022090642,,,,,,,,,,,,,,,,,,,,,,
Ragini Kottawar,,,,,,,,,,,,,,,,* myContacts,,,Mobile,+917972801823,,,,,,,,,,,,,,,,,,,,,,
Ragvendra,,Store O 1,,,,,,,,,,,,,,* myContacts,,,Mobile,+918669044138,,,,,,,,,,,,,,,,,,,,,,
Rajashri Vahini,,,,,,,,,,,,,,,,* myContacts,,,Mobile,+918830728641,,,,,,,,,,,,,,,,,,,,,,
Rajendra,,Misal(Happy Plates),,,,,,,,,,,,,https://lh3.googleusercontent.com/contacts/AG6tpzFZhBgvcKFMvatbBEBKCTO24P41HCZFsrNbkMhzK9ivCEeL2UA6,* myContacts,,,Mobile,+91 90111 63333,,,Home,"Maharashtra
India",,,,Maharashtra,,India,,,,,,,,,,,,
Rajsree Gandewar,,,,,,,,,,,,,,,,* myContacts,,,Mobile,+917887483909,,,,,,,,,,,,,,,,,,,,,,
Rajsree Pattewar,,,,,,,,,,,,,,,,* myContacts,,,Mobile,+919158403317,,,,,,,,,,,,,,,,,,,,,,
Raju Aatu (Majestique,Aqua,Fursungi),,,,,,,,,,,,,,* myContacts,,,Mobile,+91 88307 28641,,,Home,"Maharashtra
India",,,,Maharashtra,,India,,,,,,,,,,,,
Rajwardhan,Patil,Civil,,,,,,,,,,,,,,* myContacts,,,Mobile,+91 77094 47704,,,,,,,,,,,,,,,,,,,,,,
Rakshit,,Sukhadeve SGU,,,,,,,,,,,,,,* myContacts,,,Work,+918262085050,Mobile,+91 94035 88866,,,,,,,,,,,,,,,,,,,,
Ram,,Madrewar,,,,,,,,,,,,,https://lh3.googleusercontent.com/contacts/AG6tpzFXfiEjUvUSa_TDRkw-77K67fs3-p5MLhGBqyueAwNPofuCRBH_,* myContacts,,,Mobile,+91 91585 32222,,,Home,"Maharashtra
India",,,,Maharashtra,,India,,,,,,,,,,,,
Ranjet,,Ghorpade,,,,,,,,,,,,,,* myContacts,,,Mobile,+91 91195 98001,,,Home,"Maharashtra
India",,,,Maharashtra,,India,,,,,,,,,,,,
RCC Doubt,,,,,,,,,,,,,,,,* myContacts,,,Mobile,+919965382222,,,,,,,,,,,,,,,,,,,,,,
Rcc Query No.,,,,,,,,,,,,,,,,* myContacts,,,Mobile,+919075392222,,,,,,,,,,,,,,,,,,,,,,
Reddy Sir,,,,,,,,,,,,,,,,* myContacts,,,Mobile,+919110392979,,,,,,,,,,,,,,,,,,,,,,
Richeek,,Das(IIT BOMBAY CSE),,,,,,,,,,,,,,* myContacts,,,Mobile,+91 93301 16109,,,,,,,,,,,,,,,,,,,,,,
Rishabh,Shab,BAA,,,,,,,,,,,,,,* myContacts,,,Mobile,95354 15946 ::: +91 90670 71514,,,,,,,,,,,,,,,,,,,,,,
Ritesh,,,,,,,,,,,,,,,,* myContacts,,,Mobile,+919022970723,,,,,,,,,,,,,,,,,,,,,,
Rohan Latane Xerox (Near,Maxmi,Mess),,,,,,,,,,,,,,* myContacts,,,Mobile,+91 86000 51046,,,Home,"Maharashtra
India",,,,Maharashtra,,India,,,,,,,,,,,,
Rohan Pawar,,,,,,,,,,,,,,,,* myContacts,,,Mobile,+917756884902 ::: +917756884902,,,,,,,,,,,,,,,,,,,,,,
Rohan Sir,,,,,,,,,,,,,,,,* myContacts,,,Mobile,+919727743477,,,,,,,,,,,,,,,,,,,,,,
Rounak,,Sonavane,,,,,,,,,,,,,,* myContacts,,,Mobile,+917721008000,,,,,,,,,,,,,,,,,,,,,,
Rugved,,Kulkarni CSE SGU,,,,,,,,,,,,,,* myContacts,,,Mobile,+91 86052 21127,,,Home,"Maharashtra
India",,,,Maharashtra,,India,,,,,,,,,,,,
Rushi,Jagdale,CSE,,,,,,,,,,,,,,* myContacts,,,Mobile,+91 91728 03199,,,Home,"Maharashtra
India",,,,Maharashtra,,India,,,,,,,,,,,,
Rushikesh,Mohite,SGU,,,,,,,,,,,,,https://lh3.googleusercontent.com/contacts/AG6tpzEvIZ5K_6NVXaPlP_0pi5OVGsZHH_8jS0HXEZeT7hl6hfNSVH7_,* myContacts,,,,+91 84464 38996,,,,,,,,,,,,,,,,,,,,,,
Rutik,,Gaikwad,,,,,,,,,,,,,https://lh3.googleusercontent.com/contacts/AG6tpzEfMoKbjHF7aqtNSaCA7WoYfVDRWm-_g3VjT5OGbGgG8RiFhpm_,* myContacts,,,Mobile,+91 90750 20001,,,Home,"Maharashtra
India",,,,Maharashtra,,India,,,,,,,,,,,,
S Candu,,Chandu,,,,,,,,,,,,,,* myContacts,,,Home,+919014076115,,,,,,,,,,,,,,,,,,,,,,
Saahir AIML D,,,,,,,,,,,,,,,,* myContacts,,,Mobile,+91 94481 12985,,,,,,,,,,,,,,,,,,,,,,
Sachin Kottalwar,,,,,,,,,,,,,,,,* myContacts,,,Mobile,+918149715436,,,,,,,,,,,,,,,,,,,,,,
Sachin Pante,,,,,,,,,,,,,,,,* myContacts,,,Mobile,+91 88052 95270,,,Home,"Maharashtra
India",,,,Maharashtra,,India,,,,,,,,,,,,
Sahil,,Survase CSE Sgu,,,,,,,,,,,,,,* myContacts,,,Mobile,+91 96990 09119,,,Home,"Maharashtra
India",,,,Maharashtra,,India,,,,,,,,,,,,
SaiPrasad Tompe 1,,,,,,,,,,,,,,,,* myContacts,,,Mobile,+91 91464 37536,,,,,,,,,,,,,,,,,,,,,,
Sajid,Pendhari,Bsc,,,,,,,,,,,,,,* myContacts,,,Mobile,+91 72620 14614,,,,,,,,,,,,,,,,,,,,,,
Sakib Mulla AIML,,,,,,,,,,,,,,,https://lh3.googleusercontent.com/contacts/AG6tpzEi9hidpmcZWC6PYQTXk-1AzIytWa7OqhpCv1mrOjN2fDnlxfNv,* myContacts,,,Mobile,+91 85308 54866,,,Home,"Maharashtra
India",,,,Maharashtra,,India,,,,,,,,,,,,
Samart,Sarkar,Mess,,,,,,,,,,,,,,* myContacts,,,Mobile,86006 37110,,,,,,,,,,,,,,,,,,,,,,
Sandip Patil,Sir,(Result),,,,,,,,,,,,,,* myContacts,,,Mobile,97644 45508,,,,,,,,,,,,,,,,,,,,,,
Sandya.P,,,,,,,,,,,,,,,,* myContacts,,,Mobile,+918308323265,,,,,,,,,,,,,,,,,,,,,,
Sanganwar,Sir,Naig,,,,,,,,,,,,,,* myContacts,,,Mobile,+919421761790,,,,,,,,,,,,,,,,,,,,,,
Sangita Gangamwar,,,,,,,,,,,,,,,,* myContacts,,,Mobile,+919096954613,,,,,,,,,,,,,,,,,,,,,,
Sangita Gangawar,,,,,,,,,,,,,,,,* myContacts,,,Mobile,+919156958700,,,,,,,,,,,,,,,,,,,,,,
Sangita Gopshatwar,,,,,,,,,,,,,,,,* myContacts,,,Mobile,+919767249077,,,,,,,,,,,,,,,,,,,,,,
Sanjay,,Pattewar,,,,,,,,,,,,,,* myContacts,,,Mobile,+917385991969,,,,,,,,,,,,,,,,,,,,,,
Sanjay Sarda Sir Jee,,,,,,,,,,,,,,,,* myContacts,,,Mobile,+919403962110,,,,,,,,,,,,,,,,,,,,,,
Sankalp Patil,SGU,CSE,,,,,,,,,,,,,,* myContacts,,,Home,+91 70585 95017,,,,,,,,,,,,,,,,,,,,,,
Sanket,,Bhosale Aeronautical Engineering,,,,,,,,,,,,,,* myContacts,,,Mobile,+91 89568 91098,,,Home,"Maharashtra
India",,,,Maharashtra,,India,,,,,,,,,,,,
Sanket Mane SGU,Electrical,Engineering,,,,,,,,,,,,,,* myContacts,,,Mobile,+91 77097 21658,,,Home,"Maharashtra
India",,,,Maharashtra,,India,,,,,,,,,,,,
Sarita,,,,,,,,,,,,,,,,* myContacts,,,Mobile,+919552552412,,,,,,,,,,,,,,,,,,,,,,
Sarita,,Pattewar,,,,,,,,,,,,,,* myContacts,,,Mobile,+917972914389,,,,,,,,,,,,,,,,,,,,,,
Sarkar,,Mess,,,,,,,,,,,,,,* myContacts,,,Mobile,98818 13783,,,,,,,,,,,,,,,,,,,,,,
Sarkar Mess,(Nithin,Patil),,,,,,,,,,,,,,* myContacts,,,Mobile,+91 84590 88802,,,,,,,,,,,,,,,,,,,,,,
Sarkar,Mess,Staff,,,,,,,,,,,,,,* myContacts,,,Mobile,84590 31719,,,,,,,,,,,,,,,,,,,,,,
Sarojani Kodgire,,,,,,,,,,,,,,,,* myContacts,,,Mobile,+919767301302,,,,,,,,,,,,,,,,,,,,,,
Saru Tai Argulwar,,,,,,,,,,,,,,,,* myContacts,,,Mobile,+917387901086,,,,,,,,,,,,,,,,,,,,,,
Satya Jagtap Civil,,,,,,,,,,,,,,,,* myContacts,,,Mobile,+91 70307 29197,,,,,,,,,,,,,,,,,,,,,,
Satyajeet,Mane,Nw,,,,,,,,,,,,,,* myContacts,,,Mobile,+91 90284 04907,,,Home,"Maharashtra
India",,,,Maharashtra,,India,,,,,,,,,,,,
Satyam,,,,,,,,,,,,,,,,* myContacts,,,Mobile,+919359495885,,,,,,,,,,,,,,,,,,,,,,
Saumya Dhanvi,,Palawar,,,,,,,,,,,,,,* myContacts,,,Mobile,+91 84215 74099,,,Home,"Maharashtra
India",,,,Maharashtra,,India,,,,,,,,,,,,
Saurabh Mangrule,,,,,,,,,,,,,,,,* myContacts,,,Mobile,+91 86697 83954,,,Home,"Maharashtra
India",,,,Maharashtra,,India,,,,,,,,,,,,
Saurabh Parbhani,,,,,,,,,,,,,,,,* myContacts,,,Mobile,+917517649872,,,,,,,,,,,,,,,,,,,,,,
Savita Mami,,,,,,,,,,,,,,,,* myContacts,,,Mobile,+918459007214,,,,,,,,,,,,,,,,,,,,,,
SBI ,,,,,,,,,,,,,,,,* myContacts,,,Mobile,+62358169719,,,,,,,,,,,,,,,,,,,,,,
Security Guard Devriyo Hostel,,,,,,,,,,,,,,,,* myContacts,,,Mobile,+919307674577,,,,,,,,,,,,,,,,,,,,,,
Sgu Kamat Sir,Professional,Communication,,,,,,,,,,,,,,* myContacts,,,Mobile,+91 91566 78140,,,Home,"Maharashtra
India",,,,Maharashtra,,India,,,,,,,,,,,,
SGU,Laundry,House,,,,,,,,,,,,,,* myContacts,,,Mobile,70585 55213,,,,,,,,,,,,,,,,,,,,,,
Sgu Main Gate Xerox,,,,,,,,,,,,,,,,* myContacts,,,Mobile,98810 04962,,,,,,,,,,,,,,,,,,,,,,
SGU Shrishail Salgre,Sir,Mathematics,,,,,,,,,,,,,,* myContacts,,,,+91 99756 34608,,,,,,,,,,,,,,,,,,,,,,
Shaikh,M,Ansar,,,,,,,,,,,,,,* myContacts,,,Mobile,+91 94234 70057,,,,,,,,,,,,,,,,,,,,,,
Shama Tai,,Khanderal,,,,,,,,,,,,,,* myContacts,,,Mobile,+919860244285,,,,,,,,,,,,,,,,,,,,,,
Shamla Tai Kunchanwar ,,,,,,,,,,,,,,,,* myContacts,,,Mobile,+917798851377,,,,,,,,,,,,,,,,,,,,,,
Shardul,More,AIML,,,,,,,,,,,,,,* myContacts,,,Mobile,+917775004907,,,,,,,,,,,,,,,,,,,,,,
Shetty Kaka ,,(Shankar Bhaskare),,,,,,,,,,,,,,* myContacts,,,Mobile,+91 94216 13074,,,Home,"Maharashtra
India",,,,Maharashtra,,India,,,,,,,,,,,,
Shirish,,Patil,,,,,,,,,,,,,,* myContacts,,,Mobile,+91 96896 49547,,,Home,"Maharashtra
India",,,,Maharashtra,,India,,,,,,,,,,,,
Shital Madrewar,,,,,,,,,,,,,,,,* myContacts,,,Mobile,+919673536577 ::: +919642353388,,,,,,,,,,,,,,,,,,,,,,
Shivraj Ingale CSE SGU,,,,,,,,,,,,,,,https://lh3.googleusercontent.com/contacts/AG6tpzFwYxIXjnr5wZtEBbZPdjZ0MgmapLZDLX38pkuQTwkClWCVNklA,* myContacts,,,Mobile,+91 93714 23435,,,Home,"Maharashtra
India",,,,Maharashtra,,India,,,,,,,,,,,,
Shivraj,Khanvilkar,BBA,,,,,,,,,,,,,,* myContacts,,,Mobile,+91 91128 10392,,,,,,,,,,,,,,,,,,,,,,
Shoeb,,,,,,,,,,,,,,,,* myContacts,,,Mobile,+919022383823,,,,,,,,,,,,,,,,,,,,,,
Shravani,,Pensalwar,,,,,,,,,,,,,,* myContacts,,,Mobile,+917775828270,,,,,,,,,,,,,,,,,,,,,,
Shree Shetty,,,,,,,,,,,,,,,,* myContacts,,,Mobile,+919423161977,,,,,,,,,,,,,,,,,,,,,,
Shreeraj,,Mother,,,,,,,,,,,,,,* myContacts,,,Mobile,+91 99214 95852,,,,,,,,,,,,,,,,,,,,,,
Shreeraj,,Pawar AIML,,,,,,,,,,,,,https://lh3.googleusercontent.com/contacts/AG6tpzG7W3nUulHnbWYQsh0QFjNnH8S7uiGOf95UkQggVKnPFW0tQVuJ,* myContacts,,,Mobile,+91 74473 71342 ::: +91 86239 71342,,,Home,"Miraj malgaon roadGanesh colony
malgaon
India",Miraj malgaon roadGanesh colony,malgaon,,,,India,,,,,,,,,,,,
Shrey,,Kadam AIML,,,,,,,,,,,,,https://lh3.googleusercontent.com/contacts/AG6tpzF240HwAAQwYOqKXJTGOTKTd8seciTEFAh5L9DVZ1wyVKhlO1jh,* myContacts,,,Mobile,+91 87880 25784,,,Home,"Maharashtra
India",,,,Maharashtra,,India,,,,,,,,,,,,
Shreyas,,Dhomkundwar,,,,,,,,,,,,,,* myContacts,,,Mobile,+91 97634 20071,,,,,,,,,,,,,,,,,,,,,,
Shreyash,,Jagtap,,,,,,,,,,,,,,* myContacts,,,Mobile,+91 98349 45633,,,,,,,,,,,,,,,,,,,,,,
Shreyash,,Patil AIML,,,,,,,,,,,,,,* myContacts,,,Mobile,+919552513717,,,,,,,,,,,,,,,,,,,,,,
Shrinivas,Patil,CSE,,,,,,,,,,,,,,* myContacts,,,Mobile,+91 70574 92018,,,,,,,,,,,,,,,,,,,,,,
Shubham Dada 2,,,,,,,,,,,,,,,,* myContacts,,,Mobile,+917620303456,,,,,,,,,,,,,,,,,,,,,,
Shubham,,Sargar AIML,,,,,,,,,,,,,,* myContacts,,,Mobile,+91 99204 42723,,,Home,"Mumbai
India",,Mumbai,,,,India,,,,,,,,,,,,
Shubhangi,,Medewar,,,,,,,,,,,,,,* myContacts,,,Mobile,+918624811291,,,,,,,,,,,,,,,,,,,,,,
Sneha,,Gopshetwar,,,,,,,,,,,,,https://lh3.googleusercontent.com/contacts/AG6tpzF4dAGurOpfwFkNo40OHlIzkTLEETcvWthzDvcrLrpNPgJXh_05,* myContacts,,,Mobile,+918766779868,,,Home,"Maharashtra
India",,,,Maharashtra,,India,,,,,,,,,,,,
Snehlata,,,,,,,,,,,,,,,,* myContacts,,,Mobile,+918830161543,,,,,,,,,,,,,,,,,,,,,,
Soham,,,,,,,,,,,,,,,,* myContacts,,,Mobile,+919373064482,,,,,,,,,,,,,,,,,,,,,,
Somanth,,Kapratwar,,,,,,,,,,,,,,* myContacts,,,Mobile,+919730538162,,,,,,,,,,,,,,,,,,,,,,
Soumya,,,,,,,,,,,,,,,,* myContacts,,,Mobile,+919370165628 ::: +918421574099,,,,,,,,,,,,,,,,,,,,,,
Sudarshan,,Nalawade,,,,,,,,,,,,,,* myContacts,,,Mobile,+91 75584 11911 ::: +91 90913 97171,,,Home,"Maharashtra
India",,,,Maharashtra,,India,,,,,,,,,,,,
Sudeshna ,,,,,,,,,,,,,,,,* myContacts,,,Mobile,+919665552278,,,,,,,,,,,,,,,,,,,,,,
Sujata Kottawar,,,,,,,,,,,,,,,,* myContacts,,,Mobile,+918999337975,,,,,,,,,,,,,,,,,,,,,,
Sujata Setty,,,,,,,,,,,,,,,,* myContacts,,,Mobile,+919922220329,,,,,,,,,,,,,,,,,,,,,,
Sumeet,,,,,,,,,,,,,,,,* myContacts,,,Mobile,+919970843971,,,,,,,,,,,,,,,,,,,,,,
Sumeet Chakrashali B. sc Chemistry,SGU,(SM),,,,,,,,,,,,,,* myContacts,,,Mobile,+91 88301 50347,,,Home,"Maharashtra
India",,,,Maharashtra,,India,,,,,,,,,,,,
Sunil,,Yemekar,,,,,,,,,,,,,https://lh3.googleusercontent.com/contacts/AG6tpzHrwLI2GvyeKliICaIYUkrb69vv9WciMvAtnzN3atpLrTmY061N,* myContacts,,,Mobile,+91 88068 86559,,,Home,"Maharashtra
India",,,,Maharashtra,,India,,,,,,,,,,,,
Sunita argulwar,,,,,,,,,,,,,,,,* myContacts,,,Mobile,+918446217071,,,,,,,,,,,,,,,,,,,,,,
Sunita Tai ,,Wattmwar,,,,,,,,,,,,,,* myContacts,,,Mobile,+919767557555,,,,,,,,,,,,,,,,,,,,,,
Supriya Gandewar,,,,,,,,,,,,,,,,* myContacts,,,Mobile,+918669029730,,,,,,,,,,,,,,,,,,,,,,
Supriya Gangawar,,,,,,,,,,,,,,,,* myContacts,,,Mobile,+917875038215,,,,,,,,,,,,,,,,,,,,,,
Supriya Yerawar,,,,,,,,,,,,,,,,* myContacts,,,Mobile,+918208823339,,,,,,,,,,,,,,,,,,,,,,
"Surabhi Gaikwad AIML Co-ordinater
",,,,,,,,,,,,,,,,* myContacts,,,Mobile,+91 90217 20208,,,Home,"Maharashtra
India",,,,Maharashtra,,India,,,,,,,,,,,,
Suraj,Waghmode,Haven8,,,,,,,,,,,,,,* myContacts,,,Mobile,91525 17831,,,,,,,,,,,,,,,,,,,,,,
Suryakant Gutte,(Govind's,Father),,,,,,,,,,,,,,* myContacts,,,Mobile,+91 80808 99197,,,Home,"Maharashtra
India",,,,Maharashtra,,India,,,,,,,,,,,,
Suwarna,,Argulwar,,,,,,,,,,,,,,* myContacts,,,Mobile,+918605930440,,,,,,,,,,,,,,,,,,,,,,
Swadhyay,-8595524419,419,,,,,,,,,,,,,,* myContacts,,,Home,+918595524419,,,,,,,,,,,,,,,,,,,,,,
Swapnil  Pattewar,,,,,,,,,,Swapnil  Pattewar,,,,,,* myContacts,,,Mobile,+918308847551,,,,,,,,,,,,,,,,,,,,,,
Swati,,,,,,,,,,,,,,,,* myContacts,,,Mobile,+918485051874,,,,,,,,,,,,,,,,,,,,,,
Tabbu,,Magdum( CSE Dept. Co-ordinator FY),,,,,,,,,,,,,,* myContacts,,,Mobile,+91 73850 24113,,,Home,"Maharashtra
India",,,,Maharashtra,,India,,,,,,,,,,,,
Tanmay Jain,BSC,MP,,,,,,,,,,,,,,* myContacts,,,Mobile,+917489633437,,,,,,,,,,,,,,,,,,,,,,
Tanmay Nandkhile CSE,,,,,,,,,,,,,,,,* myContacts,,,Mobile,+91 85308 67689,,,,,,,,,,,,,,,,,,,,,,
Tejas,Burli,BCA,,,,,,,,,,,,,,* myContacts,,,Mobile,70190 45200,,,,,,,,,,,,,,,,,,,,,,
Tejas,Harage,SGU,,,,,,,,,,,,,,* myContacts,,,Phone,+91 99695 76050,,,,,,,,,,,,,,,,,,,,,,
Tejas,,Pawar,,,,,,,,,,,,,https://lh3.googleusercontent.com/contacts/AG6tpzFNBGj7Hgvplaz484iBgo15kYpwof9ILmgXphUSPGKILU5r7JEF,* myContacts,,,Mobile,+91 93707 13920 ::: +91 91586 27277,,,Home,"Maharashtra
India",,,,Maharashtra,,India,,,,,,,,,,,,
Tejash,,,,,,,,,,,,,,,,* myContacts,,,Home,+918261956861,,,,,,,,,,,,,,,,,,,,,,
Tejash,,Father,,,,,,,,,,,,,,* myContacts,,,Mobile,+918208211353,,,,,,,,,,,,,,,,,,,,,,
Tejash,,Mother,,,,,,,,,,,,,,* myContacts,,,Mobile,+919158791498,,,,,,,,,,,,,,,,,,,,,,
Text Converter ,,,,,,,,,,,,,,,,* myContacts,,,Work,+1 415-680-9230,,,,,,,,,,,,,,,,,,,,,,
Tondroad Bai,,,,,,,,,,,,,,,,* myContacts,,,Mobile,+919766596704,,,,,,,,,,,,,,,,,,,,,,
Totalwar,,,,,,,,,,,,,,,,* myContacts,,,Mobile,+918390979890,,,,,,,,,,,,,,,,,,,,,,
Tushar,,Kamble Sgu Hostel,,,,,,,,,,,,,https://lh3.googleusercontent.com/contacts/AG6tpzGCna2crwD5IPH8Y5hULWLqd4K55njVwlVYf_ZuV0pRCiLlHVuS,* myContacts,,,Other,+91 79727 36175,,,Home,"Maharashtra
India",,,,Maharashtra,,India,,,,,,,,,,,,
Uday patill AIML ,,,,,,,,,,,,,,,,* myContacts,,,Mobile,+91 97307 91813,,,,,,,,,,,,,,,,,,,,,,
UIDAI,,,,,,,,,,,,,,,,* myContacts,,,Home,+9118003001947,,,,,,,,,,,,,,,,,,,,,,
Ujjwala Tai,,,,,,,,,,,,,,,,* myContacts,,,Mobile,+918625865964,,,,,,,,,,,,,,,,,,,,,,
Ulhas,,Chaudhary,,,,,,,,,,,,,,* myContacts,,,Mobile,+919623655893,,,,,,,,,,,,,,,,,,,,,,
Unique Xerox Biloli,,,,,,,,,,,,,,,,* myContacts,,,Mobile,+91 94929 20786,,,Home,"Andhra Pradesh
India",,,,Andhra Pradesh,,India,,,,,,,,,,,,
Unisource,Computer,Kolhapur,,,,,,,,,,,,,,* myContacts,,,Mobile,+91 96732 00879,,,,,,,,,,,,,,,,,,,,,,
Urvish Jadhav Bca,Room,Mate,,,,,,,,,,,,,,* myContacts,,,Mobile,+91 95914 78141,,,,,,,,,,,,,,,,,,,,,,
Vaibhav,,,,,,,,,,,,,,,,* myContacts,,,Mobile,+917675981690,,,,,,,,,,,,,,,,,,,,,,
Vaibhav,Narlawar,Shet(Umri),,,,,,,,,,,,,,* myContacts,,,Mobile,87939 57770,,,,,,,,,,,,,,,,,,,,,,
Vaibhav,Sabale(Sgu),AIML,,,,,,,,,,,,,,* myContacts,,,,+91 86695 76461,,,,,,,,,,,,,,,,,,,,,,
Vanchala,,Sutar Madam,,,,,,,,,,,,,https://lh3.googleusercontent.com/contacts/AG6tpzH3bk0WjVXmK34MnJtpuajiROUTQVfQyELayKa5cvwQyCJVcc9M,* myContacts,,,Other,+91 95525 29207,,,Home,"Maharashtra
India",,,,Maharashtra,,India,,,,,,,,,,,,
Varad ,,Jagtap ,,,,,,,,,,,,,https://lh3.googleusercontent.com/contacts/AG6tpzFx08YgRG_JjgoUL8GiFX1TLxTtmJNi5z7HQlddWxUKF7OfQADN,* myContacts,,,Mobile,+91 90670 07763,Other,+91 91565 80263,Home,"Maharashtra
India",,,,Maharashtra,,India,,,,,,,,,,,,
Varad,,Pensalwar,,,,,,,,,,,,,https://lh3.googleusercontent.com/contacts/AG6tpzGagBPV7SOu4qi90EqwODnJCBAyvgeSssA06bKb--wjXCxQFZKq,* myContacts,* ,varadpensalwar@gmail.com,Mobile,+91 86695 80734,,,Home,"Maharashtra
India",,,,Maharashtra,,India,,,,,,,,,,,,
Vashikar,Sir,Sgi,,,,,,,,,,,,,,* myContacts,,,Mobile,+91 90110 39800,,,Home,"Maharashtra
India",,,,Maharashtra,,India,,,,,,,,,,,,
Vastad,(Ranjeet,Mess),,,,,,,,,,,,,,* myContacts,,,Mobile,93736 42897,,,,,,,,,,,,,,,,,,,,,,
Ved,,School,,,,,,,,,,,,,,* myContacts,,,Mobile,+919766404577 ::: +919325537710,,,,,,,,,,,,,,,,,,,,,,
Ved‚ù§Ô∏è,,,,,,,,,,,,,,,https://lh3.googleusercontent.com/contacts/AG6tpzGWzeQzKUnh_ESm0JBiWXXzeFzn55iPjRjW-XKlTYlsrVsjeFM3,* myContacts ::: * starred,,,Mobile,+919834827297,Other,+91 87938 10889,Home,"Maharashtra
India",,,,Maharashtra,,India,,,,,,,,,,,,
Venkatesh,,Demewar,,,,,,,,,,,,,https://lh3.googleusercontent.com/contacts/AG6tpzHmGAhLs52G40JSut0xH0xX17PgLmLwsfgIEHUx-2auka0LTOgl,* myContacts,,,Other,+91 99703 80973,,,Home,"Maharashtra
India",,,,Maharashtra,,India,,,,,,,,,,,,
venktesh adpur,,,,,,,,,,,,,,,,* myContacts,,,Mobile,+919766165121,,,,,,,,,,,,,,,,,,,,,,
Vidya Yerawar,,,,,,,,,,,,,,,,* myContacts,,,Mobile,+918975950051,,,,,,,,,,,,,,,,,,,,,,
Vijay Biranje,(Galaxy,Mess),,,,,,,,,,,,,,* myContacts,,,Mobile,+91 89992 33265,,,,,,,,,,,,,,,,,,,,,,
Vijay,Kasture,BCA,,,,,,,,,,,,,,* myContacts,,,Mobile,+91 70202 09615,,,,,,,,,,,,,,,,,,,,,,
Vijay,,Patil AIML,,,,,,,,,,,,,,* myContacts,,,Mobile,+91 82917 46964,,,,,,,,,,,,,,,,,,,,,,
Vijaya,,Pankar,,,,,,,,,,,,,,* myContacts,,,Mobile,+918329759196,,,,,,,,,,,,,,,,,,,,,,
Vikram Shinde,,,,,,,,,,,,,,,,* myContacts,,,Mobile,+91 85304 43351 ::: +91 94048 37439,,,Home,"Maharashtra
India",,,,Maharashtra,,India,,,,,,,,,,,,
Vishal AIML,,,,,,,,,,,,,,,,* myContacts,,,Mobile,+918779478207,,,,,,,,,,,,,,,,,,,,,,
Vishal Kadam,Registrar,Office(Sgu),,,,,,,,,,,,,,* myContacts,,,Mobile,+918459979470,,,Home,"Maharashtra
India",,,,Maharashtra,,India,,,,,,,,,,,,
Vishal(Mama),,Madrewar,,,,,,,,,,,,,,* myContacts,,,Mobile,+919028879739,,,,,,,,,,,,,,,,,,,,,,
Vishwajeet,,Sawant,,,,,,,,,,,,,,* myContacts,,,Mobile,97637 00731,,,,,,,,,,,,,,,,,,,,,,
Vishwanath Vishwakarma,,,,,,,,,,,,,,,,* myContacts,,,Mobile,+91 75583 16188,,,Home,"Maharashtra, India",,,,Maharashtra,,India,,,,,,,,,,,,
Vishwesh,Jadhav,AIML,,,,,,,,,,,,,,* myContacts,,,Mobile,91073 12626,,,,,,,,,,,,,,,,,,,,,,
vivo,Customer,Care,,,,,,,,,,,,,https://lh3.googleusercontent.com/contacts/AG6tpzE9SDgxytbAmHV6YVXYQIwDF2vX_tLE2oNl2Iuk5nmcwRRNDUns,* myContacts,* Home,vcare@vivo.com,Mobile,180 0208 3388 ::: 180 0102 3388,,,,,,,,,,,,,,,,,,,,,Home,http://www.vivo.com/in ::: http://www.vivo.com/
Yash,Kadam,AIML,,,,,,,,,,,,,,* myContacts,,,,,,,,,,,,,,,,,,,,,,,,,,
Yash,,Xerox,,,,,,,,,,,,,,* myContacts,,,Mobile,99608 82371,,,,,,,,,,,,,,,,,,,,,,
